table_name,column_name,data_type,is_nullable,constraint_type
allplayers,id,integer,YES,
allplayers,recruitIds,integer,YES,
allplayers,firstName,character varying,YES,
allplayers,lastName,character varying,YES,
coaches,coach.id,integer,YES,
coaches,coach.firstName,character varying,YES,
coaches,coach.lastName,character varying,YES,
coaches,team.id,integer,YES,
coaches,team.school,character varying,YES,
coaches,team.conference,character varying,YES,
coaches,year,integer,YES,
coaches,games,integer,YES,
coaches,wins,integer,YES,
coaches,losses,integer,YES,
coaches,ties,integer,YES,
coaches,winPercentage,character varying,YES,
coaches,preseasonRank,character varying,YES,
coaches,postseasonRank,character varying,YES,
coaches,srs,character varying,YES,
coaches,spOverall,real,YES,
coaches,spOffense,real,YES,
coaches,spDefense,real,YES,
coaches,teamMetrics,character varying,YES,
coaches,recruiting,character varying,YES,
coaches,pollResume,character varying,YES,
coaches,attributionComplete,boolean,YES,
coaches,recordSplits,character varying,YES,
coaches,scoring,character varying,YES,
coaches,cfp,character varying,YES,
coaches,draftFollowingSeason,character varying,YES,
hsrecruits,id,integer,YES,
hsrecruits,athleteId,integer,YES,
hsrecruits,recruitType,character varying,YES,
hsrecruits,year,integer,YES,
hsrecruits,ranking,integer,YES,
hsrecruits,name,character varying,YES,
hsrecruits,school,character varying,YES,
hsrecruits,committedTo,character varying,YES,
hsrecruits,position,character varying,YES,
hsrecruits,height,real,YES,
hsrecruits,weight,integer,YES,
hsrecruits,stars,integer,YES,
hsrecruits,rating,real,YES,
hsrecruits,city,character varying,YES,
hsrecruits,stateProvince,character varying,YES,
hsrecruits,country,character varying,YES,
hsrecruits,hometownInfo,character varying,YES,
portalplayers,season,integer,YES,
portalplayers,firstName,character varying,YES,
portalplayers,lastName,character varying,YES,
portalplayers,position,character varying,YES,
portalplayers,origin,character varying,YES,
portalplayers,destination,character varying,YES,
portalplayers,transferDate,character varying,YES,
portalplayers,rating,real,YES,
portalplayers,stars,integer,YES,
portalplayers,eligibility,character varying,YES,
rosters,id,integer,YES,
rosters,firstName,character varying,YES,
rosters,lastName,character varying,YES,
rosters,team,character varying,YES,
rosters,weight,integer,YES,
rosters,height,integer,YES,
rosters,Season,integer,YES,
rosters,jersey,integer,YES,
rosters,year,integer,YES,
rosters,position,character varying,YES,
rosters,homeCity,character varying,YES,
rosters,homeState,character varying,YES,
rosters,homeCountry,character varying,YES,
rosters,homeLatitude,real,YES,
rosters,homeLongitude,real,YES,
rosters,homeCountyFIPS,integer,YES,
rosters,recruitIds,integer,YES,
stats,season,integer,YES,
stats,playerId,integer,YES,
stats,player,character varying,YES,
stats,position,character varying,YES,
stats,team,character varying,YES,
stats,conference,character varying,YES,
stats,category,character varying,YES,
stats,statType,character varying,YES,
stats,stat,real,YES,
teams,id,integer,YES,
teams,school,character varying,YES,
teams,mascot,character varying,YES,
teams,abbreviation,character varying,YES,
teams,alternateNames,character varying,YES,
teams,conference,character varying,YES,
teams,division,character varying,YES,
teams,classification,character varying,YES,
teams,color,character varying,YES,
teams,alternateColor,character varying,YES,
teams,logos,character varying,YES,
teams,twitter,character varying,YES,
teams,location,character varying,YES,
